구분,키,값,값유형,적용대상,lang,설명
배송정책,FREE_SHIPPING_THRESHOLD,50000,수치,공통,,이 금액 이상이면 배송비 0원. shipping 탭이 비었을 때의 폴백
배송정책,SHIPPING_FEE,3000,수치,공통,,기본 배송비. shipping 탭이 비었을 때의 폴백
배송정책,SHIPPING_MIX_RULE,합산,제어값,공통,,"냉동+상온 혼합 주문의 배송비. 합산=유형별로 각각 부과, 최대=비싼 쪽 하나만"
결제정보,ACCOUNT_INFO,하나은행 0000000000 (모모플러스),문구,공통,,계좌 안내 문구
응대규칙,EXACT_NAME_PRIORITY,Y,제어값,공통,,정식 품목명과 정확히 일치하면 유사어 중복이어도 해당 상품으로 확정. N으로 두면 되물음 처리
응대규칙,ASK_RETRY_LIMIT,2,수치,공통,,같은 것을 몇 번까지 되묻고 포기할지
응대규칙,AMBIGUOUS_MAX_OPTIONS,5,수치,공통,,되물음에 나열할 후보의 최대 개수. 넘으면 인기 1위 하나만 제안한다
응대규칙,AMBIGUOUS_ATTR_THRESHOLD,20,수치,공통,,후보가 이보다 많으면 종류(species)·부위(part)로 한 단계 먼저 좁힌다
플래그,AMBIGUOUS_ALIAS,되물음,제어값,공통,,유사어가 2개 이상 상품에 걸리면 임의 선택 금지. 후보를 가격과 함께 제시하고 선택받는다
플래그,MISSING_PRICE,차단,제어값,공통,,단가 없는 항목이 있으면 총액 확정 금지. 상담원 검수로 넘긴다
플래그,PRODUCT_NOT_FOUND,되물음,제어값,공통,,"DB에 없는 표현. 임의 대체 금지, 고객에게 확인"
플래그,SOLDOUT,되물음,제어값,공통,,품절 상품. 주문 확정을 막고 같은 부위의 대체 후보를 제시한다
플래그,RECEIVER_MISSING,미완료,제어값,공통,,수령인 이름 없음
플래그,PHONE_INVALID,미완료,제어값,공통,,전화번호 형식 오류 (소수점 포함·0으로 시작하지 않음·10~11자리 아님)
플래그,ADDRESS_MISSING,미완료,제어값,공통,,주소 자체가 없음 (상세주소 누락은 ADDRESS_DETAIL_MISSING)
플래그,PAYMENT_PROOF_IMAGE,검수필수,제어값,공통,,입금증 이미지를 받음. 상담원이 은행 내역과 대조해야 한다
플래그,PAYMENT_UNCONFIRMED,미완료,제어값,공통,,입금 미확인. 상담원이 은행에서 직접 확인 후 체크
플래그,HANDOFF_REQUEST,상담원연결,제어값,자동봇,,고객이 상담원 연결을 명시적으로 요청
플래그,ANGRY_CUSTOMER,상담원연결,제어값,자동봇,,"고객 불만·화남 감지 시 즉시 상담원 인계, AI 응답 중단"
응대규칙,NO_PRODUCT_FACT_GUESS,금지,제어값,공통,,DB에 없는 원산지·성분·유통기한·보관법은 추측해 답하지 않는다
응대규칙,NO_PAYMENT_JUDGEMENT,금지,제어값,자동봇,,'입금 확인됐습니다' 발언 금지. 입금 여부는 상담원이 은행에서 확인한다. 먼저 증빙을 요구하지 않는다
응대규칙,SHOW_LINE_BASIS,필수,제어값,공통,,총액만 말하지 않는다. 항목별 단가×수량을 함께 보여준다
응대규칙,ANSWER_CUSTOMER_QUESTION,필수,제어값,공통,,고객이 물은 것에는 반드시 답한다. 되물음·정보 요청 때문에 고객 질문을 흘려보내지 않는다
응대규칙,NO_UNAVAILABLE_SUGGEST,금지,제어값,공통,,취급하지 않는다고 말한 상품을 다시 주문에 남기거나 배송을 약속하지 않는다. 취급하는 상품을 없다고 말하지도 않는다
응대규칙,TONE,완료형,문구,자동봇,,'담을까요?' 대신 '담아드렸어요'. 허가를 구하지 않는다
응대규칙,NO_REPEAT_QUESTION,필수,제어값,공통,,고객이 이미 알려준 정보를 다시 묻지 않는다
응대규칙,SMALLTALK,허용(제한적),문구,자동봇,,"간단한 인사·짧은 잡담은 1~2문장으로 허용. 마구잡이 잡담 금지, 주제를 벗어나면 다시 주문으로 유도"
응대규칙,RECIPE_SUGGEST,허용,문구,자동봇,,"""뭐가 맛있나요/추천"" 같은 취향 질문에 상품 하나를 추천하고 그 재료로 할 수 있는 요리를 가볍게 제안 가능. 개인 추천임을 전제, 원산지·성분·보관법 등 사실은 추측 금지"
응대규칙,SMALLTALK_RETURN,필수,제어값,자동봇,,잡담·추천 후에는 진행 중이던 주문(되물음 등)으로 반드시 돌아온다
플래그,ADDRESS_IMAGE,검수필수,제어값,공통,,주소가 이미지에서 수집됨. 육안 확인 필요
플래그,ADDRESS_UNVERIFIED,검수필수,제어값,공통,,도로명주소 검색 API에서 우편번호 추출 실패
플래그,ADDRESS_DETAIL_MISSING,미완료,제어값,공통,,상세주소 자체가 입력되지 않음. 동·호수만이 아니라 건물명·눈에 띄는 표시도 상세주소로 본다
플래그,PHONE_MISMATCH,미완료,제어값,공통,,이미지에서 전화번호 2회 추출 결과 불일치
플래그,PRODUCT_SIGNAL_CONFLICT,되물음,제어값,공통,,라벨코드와 인쇄 상품명이 다른 상품을 지시
플래그,AMOUNT_MISMATCH,차단,제어값,공통,,챗봇 문장의 금액이 계산값과 불일치
응대규칙,AMOUNT_MISMATCH_ENFORCE,Y,제어값,공통,,"금액 불일치를 실제 플래그로 올릴지. Y=올린다(흐름 차단), N=자동 감지에만 남기고 흐름은 그대로"
플래그,ADDRESS_AMBIGUOUS,검수필수,제어값,공통,,주소 검색 결과가 여러 건이고 우편번호가 서로 다름. 주소 불완전 가능성
플래그,ITEM_REJECTED,되물음,제어값,공통,,고객이 확정된 품목이 아니라고 함. 같은 표현을 공유하는 상품을 후보로 제시하고 선택받아 교체
응대규칙,REQUIRED_FIELDS,"수령인,전화,주소",제어값,공통,,주문 확정 전 반드시 받아야 하는 정보. 코드가 이 목록대로 되묻는다. 이미지로 받아도 무방
응대규칙,ASK_ADDRESS_DETAIL,권장,제어값,공통,,"상세주소 요청 수준. 필수=없으면 진행 차단, 권장=한 번 묻고 진행, 생략=묻지 않음"
응대규칙,PERSONA,친절한 15년차 베테랑 CS담당자,문구,공통,,"오래 해본 사람의 여유. 군더더기 없이 핵심만, 그러나 차갑지 않게. 문어체·번역투 금지, 이모지 남용 금지, 한 번에 한 가지만 말한다"
응대규칙,UPSELL_FREE_SHIPPING,허용,제어값,자동봇,,"무료배송 기준에 못 미치면 실제 판매 상품 중 하나를 가볍게 권한다. 강요 금지, 한 문장. 금지로 두면 권하지 않는다"
응대규칙,UPSELL_MAX_TIMES,1,수치,자동봇,,한 대화에서 추가 구매를 권하는 최대 횟수. 1이면 한 번만 권하고 이후에는 고객이 받아들이든 아니든 다시 꺼내지 않는다
응대규칙,PERSONA,พนักงานดูแลลูกค้าที่มีประสบการณ์ 15 ปี สุภาพ กระชับ แต่ไม่ห่างเหิน,문구,자동봇,th,태국어 응대 시 공통 PERSONA 를 덮어쓴다
응대규칙,SPEECH_STYLE,ค่ะ,문구,자동봇,th,문장 끝맺음
응대규칙,CUSTOMER_ADDRESS,คุณลูกค้า,문구,자동봇,th,고객 호칭
응대규칙,TONE_EXAMPLE,ใส่ให้เรียบร้อยแล้วค่ะ,문구,자동봇,th,완료형 어투 예시
